-- This was created from test data staged locally
-- If you need to update it, load this seed, make your changes, and run:
-- `yarn hasura seed create tests --from-table company --from-table user --from-table company_user`
-- Add new --from-table args if you need new tables included

-- NOTES:
-- schema changes to these tables will probably require updates here
-- this seed should be as minimal as possible

SET check_function_bodies = false;

INSERT INTO public."user" (id, created_at, updated_at, email, role, accepted_terms_at, accepted_terms_version) VALUES ('5e77a9b3-4067-4a8d-89cd-b10952b71cd4', '2022-04-21 17:55:37.089609+00', '2022-04-21 17:55:37.089609+00', 'ops+test-company-user@narrator.ai', 'user', NULL, NULL);
INSERT INTO public."user" (id, created_at, updated_at, email, role, accepted_terms_at, accepted_terms_version) VALUES ('aaecdd5f-ae0a-4f6a-84fd-74459c1f40d5', '2022-04-21 17:55:37.089609+00', '2022-04-21 17:55:37.089609+00', 'ops+test-company-admin@narrator.ai', 'user', NULL, NULL);
INSERT INTO public."user" (id, created_at, updated_at, email, role, accepted_terms_at, accepted_terms_version) VALUES ('04cf5d9c-0406-4489-8454-445e661bf430', '2022-04-21 17:55:37.089609+00', '2022-04-21 17:55:37.089609+00', 'ops+test-internal-admin@narrator.ai', 'internal_admin', NULL, NULL);
INSERT INTO public."user" (id, created_at, updated_at, email, role, accepted_terms_at, accepted_terms_version) VALUES ('49340f93-c41f-41d5-a337-253415f59b8a', '2022-04-21 17:55:37.089609+00', '2022-04-21 17:55:37.089609+00', 'ops+test-company-other-user@narrator.ai', 'user', NULL, NULL);

INSERT INTO public.company (id, created_at, updated_at, slug, status, name, website, production_schema, materialize_schema, warehouse_language, timezone, cache_minutes, start_data_on, spend_table, currency_used, max_inserts, project_id, batch_halt, select_wlm_count, created_by, demo_company, created_for, removed_at, skip_automated_archive, logo_url, branding_color, fivetran_destination_id, warehouse_default_schemas, batch_halted_by, batch_halted_at, ignore_in_reporting, validation_months, plot_colors) VALUES ('cf093343-7657-4969-9eef-b8c93eedab32', '2022-04-21 17:55:37.062194+00', '2022-04-21 17:55:37.062194+00', 'test-company', 'active', 'Test Company!!!', NULL, 'narrator', 'narrator_mv', 'redshift', 'UTC', 180, '2018-01-01', NULL, NULL, 5000000, NULL, false, NULL, NULL, false, NULL, NULL, false, NULL, NULL, NULL, NULL, NULL, NULL, false, NULL, NULL);
INSERT INTO public.company (id, created_at, updated_at, slug, status, name, website, production_schema, materialize_schema, warehouse_language, timezone, cache_minutes, start_data_on, spend_table, currency_used, max_inserts, project_id, batch_halt, select_wlm_count, created_by, demo_company, created_for, removed_at, skip_automated_archive, logo_url, branding_color, fivetran_destination_id, warehouse_default_schemas, batch_halted_by, batch_halted_at, ignore_in_reporting, validation_months, plot_colors) VALUES ('6065f99b-d77b-4af8-9cb4-009c9c0f5305', '2022-04-21 17:55:37.062194+00', '2022-04-21 17:55:37.062194+00', 'demo-company', 'active', 'Demo Company!!!', NULL, 'narrator', 'narrator_mv', 'redshift', 'UTC', 180, '2018-01-01', NULL, NULL, 5000000, NULL, false, NULL, NULL, true, NULL, NULL, false, NULL, NULL, NULL, NULL, NULL, NULL, false, NULL, NULL);
INSERT INTO public.company (id, created_at, updated_at, slug, status, name, website, production_schema, materialize_schema, warehouse_language, timezone, cache_minutes, start_data_on, spend_table, currency_used, max_inserts, project_id, batch_halt, select_wlm_count, created_by, demo_company, created_for, removed_at, skip_automated_archive, logo_url, branding_color, fivetran_destination_id, warehouse_default_schemas, batch_halted_by, batch_halted_at, ignore_in_reporting, validation_months, plot_colors) VALUES ('d479a719-8aea-4bf3-bb68-5cd9ca89524a', '2022-04-21 17:55:37.062194+00', '2022-04-21 17:55:37.062194+00', 'other-company', 'active', 'Other Company', NULL, 'narrator', 'narrator_mv', 'redshift', 'UTC', 180, '2018-01-01', NULL, NULL, 5000000, NULL, false, NULL, NULL, false, NULL, NULL, false, NULL, NULL, NULL, NULL, NULL, NULL, false, NULL, NULL);

INSERT INTO public.company_user (id, created_at, updated_at, user_id, company_id, role, first_name, last_name, phone) VALUES ('f5e33cd7-e5aa-4891-b795-3aa2dc88929a', '2022-04-21 17:55:37.105651+00', '2022-04-21 17:55:37.105651+00', '5e77a9b3-4067-4a8d-89cd-b10952b71cd4', 'cf093343-7657-4969-9eef-b8c93eedab32', 'user', 'Company', 'User', NULL);
INSERT INTO public.company_user (id, created_at, updated_at, user_id, company_id, role, first_name, last_name, phone) VALUES ('7ff7e158-0e27-47f4-a52d-d0ac46bb2fbc', '2022-04-21 17:55:37.105651+00', '2022-04-21 17:55:37.105651+00', '5e77a9b3-4067-4a8d-89cd-b10952b71cd4', '6065f99b-d77b-4af8-9cb4-009c9c0f5305', 'user', 'Demo Company', 'User', NULL);
INSERT INTO public.company_user (id, created_at, updated_at, user_id, company_id, role, first_name, last_name, phone) VALUES ('567054ad-1fa5-4196-a835-2d62b82c72bc', '2022-04-21 17:55:37.105651+00', '2022-04-21 17:55:37.105651+00', 'aaecdd5f-ae0a-4f6a-84fd-74459c1f40d5', 'cf093343-7657-4969-9eef-b8c93eedab32', 'admin', 'Company', 'Admin', NULL);
INSERT INTO public.company_user (id, created_at, updated_at, user_id, company_id, role, first_name, last_name, phone) VALUES ('c1f9f3aa-bfe4-4f43-ada3-ced827265c64', '2022-04-21 17:55:37.105651+00', '2022-04-21 17:55:37.105651+00', '49340f93-c41f-41d5-a337-253415f59b8a', 'd479a719-8aea-4bf3-bb68-5cd9ca89524a', 'user', 'OTHER COMPANY', 'User', NULL);
INSERT INTO public.company_user (id, created_at, updated_at, user_id, company_id, role, first_name, last_name, phone) VALUES ('f2e2dfde-3076-479c-9b33-a99f39451d4b', '2022-04-21 17:55:37.105651+00', '2022-04-21 17:55:37.105651+00', '49340f93-c41f-41d5-a337-253415f59b8a', '6065f99b-d77b-4af8-9cb4-009c9c0f5305', 'user', 'OTHER COMPANY', 'User', NULL);
